flyid,name,sugarR_200Hz_x30
720575940616885538,sugar_12,199.8
720575940612670570,sugar_18,199.06666666666666
720575940620900446,sugar_14,199.06666666666666
720575940637568838,sugar_3,199.03333333333333
720575940628853239,sugar_19,198.96666666666667
720575940617000768,sugar_5,197.96666666666667
720575940639198653,sugar_13,197.53333333333333
720575940632889389,sugar_7,197.23333333333332
720575940630797113,sugar_6,197.0
720575940611875570,sugar_21,196.6
720575940633143833,sugar_17,195.43333333333334
720575940630233916,sugar_2,194.46666666666667
720575940638202345,sugar_4,194.43333333333334
720575940621502051,sugar_9,194.0
720575940639332736,sugar_11,194.0
720575940617937543,sugar_15,193.53333333333333
720575940629176663,sugar_20,193.5
720575940624963786,sugar_1,193.26666666666668
720575940640649691,sugar_10,192.93333333333334
720575940621754367,sugar_8,192.33333333333334
720575940632425919,sugar_16,192.0
720575940622695448,,156.93333333333334
720575940629888530,,146.46666666666667
720575940627383685,,141.0
720575940619973712,,125.66666666666667
720575940615041430,,125.3
720575940618165019,tinctoria_4,124.43333333333334
720575940630868793,tinctoria_3,120.63333333333334
720575940626191306,,115.33333333333333
720575940638103349,rattle_2,115.0
720575940629778554,,114.8
720575940620874757,G2N_1_2,114.46666666666667
720575940652580086,,113.0
720575940632648612,usnea_2,109.73333333333333
720575940655014049,clavicle_2,100.13333333333334
720575940633277209,,98.2
720575940614763666,FMIn_2,94.36666666666666
720575940620274085,,93.96666666666667
720575940615671106,,93.43333333333334
720575940660219265,MN9_L,93.13333333333334
720575940616103218,phantom_2,92.9
720575940623352063,,91.0
720575940625045180,,90.66666666666667
720575940632047890,,89.03333333333333
720575940628598121,,88.86666666666666
720575940619877396,,88.5
720575940612906518,,88.26666666666667
720575940616018956,,87.3
720575940639285949,,85.93333333333334
720575940606866377,,85.66666666666667
720575940612611301,,84.33333333333333
720575940632118156,,84.26666666666667
720575940610054980,,83.06666666666666
720575940631918649,,82.0
720575940612064113,,80.26666666666667
720575940634645600,,78.43333333333334
720575940623211725,roundup_2,78.2
720575940628114684,,77.86666666666666
720575940635179871,,77.86666666666666
720575940619048827,tinctoria_1,77.33333333333333
720575940623210445,,76.86666666666666
720575940625874992,,76.7
720575940631349335,,76.03333333333333
720575940636053678,,75.9
720575940641366517,usnea_1,75.43333333333334
720575940625705930,,74.76666666666667
720575940638181092,,74.03333333333333
720575940612423922,,73.93333333333334
720575940617593233,,73.7
720575940621586854,,73.63333333333334
720575940630865724,,72.53333333333333
720575940625867056,,72.5
720575940633185567,,71.76666666666667
720575940625175054,,71.33333333333333
720575940642428045,,71.1
720575940620335269,,70.7
720575940607272649,roundup_1,69.2
720575940632252743,,68.23333333333333
720575940630579574,,67.83333333333333
720575940622235425,,66.8
720575940628755815,foxglove_2,66.4
720575940625875504,tinctoria_2,66.13333333333334
720575940629810748,,66.0
720575940625102692,,64.73333333333333
720575940630996055,,64.43333333333334
720575940643867296,,63.86666666666667
720575940645521262,MN9_R,63.13333333333333
720575940612692633,,62.833333333333336
720575940660223873,,62.7
720575940618472261,,62.166666666666664
720575940624484796,,61.93333333333333
720575940630683385,,61.4
720575940655013025,,60.333333333333336
720575940616466260,,59.53333333333333
720575940625047484,,59.36666666666667
720575940649829241,,59.3
720575940610677828,,58.6
720575940628648809,,58.43333333333333
720575940632602532,,58.1
720575940631959097,,57.6
720575940617629841,,57.36666666666667
720575940621399899,tentacular_2,56.36666666666667
720575940633674135,,55.833333333333336
720575940620031366,,55.666666666666664
720575940616857174,TH_VUM,55.233333333333334
720575940620673985,tentacular_1,54.86666666666667
720575940628972048,,54.06666666666667
720575940631997032,Fdg_2,53.733333333333334
720575940616864217,,53.56666666666667
720575940632722771,,53.43333333333333
720575940623578375,,51.06666666666667
720575940631703608,,51.0
720575940622810153,,50.833333333333336
720575940611548878,,50.56666666666667
720575940627847752,,50.233333333333334
720575940611015122,,49.96666666666667
720575940619588568,,49.1
720575940625580988,,48.86666666666667
720575940630820919,,48.5
720575940609407939,,48.46666666666667
720575940617552057,,48.4
720575940633612698,,48.13333333333333
720575940630667372,,47.3
720575940647518340,,47.13333333333333
720575940626279742,,46.96666666666667
720575940635578303,,46.8
720575940660229505,,46.8
720575940613687789,,46.4
720575940644653348,,46.13333333333333
720575940625861660,,46.06666666666667
720575940635055039,,45.93333333333333
720575940625737776,,45.9
720575940647033396,,45.56666666666667
720575940618696989,,45.4
720575940607193986,,44.86666666666667
720575940610916465,,44.46666666666667
720575940631406411,,44.06666666666667
720575940632365905,,43.6
720575940626495746,,43.233333333333334
720575940609915204,,42.9
720575940612888178,,41.13333333333333
720575940617588258,,40.833333333333336
720575940631999080,,40.833333333333336
720575940624966840,,40.63333333333333
720575940626972056,,40.53333333333333
720575940621538142,tundra_2,40.46666666666667
720575940628826128,,40.36666666666667
720575940607451081,,40.0
720575940621261296,,40.0
720575940610803554,,39.96666666666667
720575940622612749,,39.96666666666667
720575940610258552,,39.93333333333333
720575940624623287,,39.56666666666667
720575940620170887,,39.233333333333334
720575940619853515,,39.166666666666664
720575940618574749,,39.1
720575940635239672,kelp_1,39.0
720575940613929391,,38.86666666666667
720575940619473624,,38.833333333333336
720575940623209165,,38.7
720575940616864086,,38.4
720575940639786915,,38.3
720575940627819151,,38.3
720575940624906483,,38.13333333333333
720575940612036837,,37.13333333333333
720575940624897516,web_6,36.9
720575940611160930,foxglove_1,36.733333333333334
720575940630664556,,36.666666666666664
720575940630771449,,36.13333333333333
720575940639425112,,36.06666666666667
720575940612558061,,35.13333333333333
720575940620025620,,34.86666666666667
720575940609405635,,34.3
720575940620780272,,34.233333333333334
720575940607386290,,34.2
720575940630806267,,34.03333333333333
720575940613347299,,33.6
720575940626308697,,33.166666666666664
720575940619114048,,32.63333333333333
720575940624023188,,32.56666666666667
720575940636165624,,32.36666666666667
720575940626626597,,32.233333333333334
720575940608498780,,32.2
720575940615296818,,32.2
720575940627410451,,31.9
720575940611436408,,31.766666666666666
720575940636895406,kelp_3,31.366666666666667
720575940623453959,,31.333333333333332
720575940625178768,,31.1
720575940634301852,,30.9
720575940623192781,,30.833333333333332
720575940614660519,justice_1,30.6
720575940629207963,,30.533333333333335
720575940632304711,,30.133333333333333
720575940616644411,,29.6
720575940608735241,,29.433333333333334
720575940628676457,hound_2,29.233333333333334
720575940612648106,fudog_2,28.866666666666667
720575940611549902,,28.3
720575940609133269,,28.3
720575940614128691,,28.166666666666668
720575940627779983,,27.8
720575940629561347,,27.733333333333334
720575940627083294,,27.566666666666666
720575940620374693,,27.566666666666666
720575940613670893,,27.433333333333334
720575940630674038,,27.1
720575940621573030,,27.1
720575940610000964,,27.066666666666666
720575940613943215,,27.0
720575940613004402,,26.4
720575940620473547,,26.233333333333334
720575940622348156,,25.766666666666666
720575940636809646,,25.6
720575940628998659,,25.5
720575940605658033,,25.3
720575940627086594,,25.0
720575940609993284,,24.866666666666667
720575940626993694,,24.733333333333334
720575940620254087,,24.233333333333334
720575940609939780,,23.5
720575940629000783,,23.333333333333332
720575940633293025,,23.2
720575940618726171,,23.166666666666668
720575940639198397,,22.833333333333332
720575940618859480,,22.533333333333335
720575940633316563,,22.466666666666665
720575940621422518,,22.033333333333335
720575940630034231,,21.5
720575940631283267,,21.2
720575940612952557,,20.833333333333332
720575940628630171,,20.733333333333334
720575940619173534,,20.533333333333335
720575940631340815,,20.433333333333334
720575940630488540,,19.966666666666665
720575940640839120,,19.766666666666666
720575940627107271,,19.7
720575940639972816,,19.7
720575940615052812,,19.6
720575940609935172,,19.433333333333334
720575940627812168,,19.266666666666666
720575940647029044,,19.166666666666668
720575940606607234,,19.066666666666666
720575940623478115,,19.0
720575940611164770,,18.633333333333333
720575940621057702,,18.5
720575940626289021,,18.466666666666665
720575940605682790,,18.2
720575940631714119,,18.2
720575940629239934,,17.433333333333334
720575940626256765,,17.4
720575940632159519,,17.333333333333332
720575940617494877,,17.266666666666666
720575940647030324,Fdg_1,17.1
720575940631168057,bluebell_2,16.966666666666665
720575940628997123,,16.9
720575940631994728,,16.633333333333333
720575940635451546,,16.6
720575940612289010,kelp_4,16.533333333333335
720575940612479205,,16.5
720575940610232274,gnome_2,16.333333333333332
720575940627828296,,16.133333333333333
720575940642335373,,15.533333333333333
720575940626999464,,15.166666666666666
720575940607689394,,15.133333333333333
720575940630094652,hound_1,14.966666666666667
720575940626278974,seagull,14.866666666666667
720575940621577036,,14.766666666666667
720575940631662648,,14.733333333333333
720575940655011489,,14.666666666666666
720575940617488477,,14.433333333333334
720575940610611246,,14.266666666666667
720575940633373651,,14.033333333333333
720575940629664768,,13.9
720575940612208858,,13.866666666666667
720575940620805046,,13.766666666666667
720575940630980559,,13.666666666666666
720575940635211115,,13.4
720575940611151406,,13.366666666666667
720575940624310857,,13.266666666666667
720575940620474278,,13.0
720575940610001220,bract_4,12.8
720575940611366058,,12.633333333333333
720575940630931999,,12.6
720575940629812346,,12.233333333333333
720575940614730914,,12.033333333333333
720575940612357618,,12.0
720575940632134227,fluff_2,11.633333333333333
720575940637656286,,11.5
720575940615811670,,11.266666666666667
720575940634825623,,11.0
720575940648864633,gnome_1,10.9
720575940630044278,,10.2
720575940637144944,,9.933333333333334
720575940645045527,bract_2,9.766666666666667
720575940641480949,,9.733333333333333
720575940624600840,,9.6
720575940637790527,,9.2
720575940621771041,,9.2
720575940645047831,,9.166666666666666
720575940620292116,,9.166666666666666
720575940627446661,,9.066666666666666
720575940617373268,,8.566666666666666
720575940621345012,,8.5
720575940611988197,,8.433333333333334
720575940629623351,,8.4
720575940627704392,kitty_4,8.333333333333334
720575940615623867,,7.933333333333334
720575940620062288,,7.866666666666666
720575940633308371,,7.433333333333334
720575940620873793,,7.133333333333334
720575940623072013,,7.1
720575940608349379,,7.1
720575940638088262,,6.933333333333334
720575940620282900,,6.9
720575940615582111,,6.9
720575940618995393,,6.833333333333333
720575940612766515,,6.833333333333333
720575940621468404,spirit_1,6.7
720575940609016843,,6.666666666666667
720575940637360730,fluff_1,6.6
720575940615564959,,6.5
720575940633116256,,6.433333333333334
720575940634428058,,6.333333333333333
720575940627814728,,6.166666666666667
720575940622624214,sink_sync_1,6.066666666666666
720575940635611316,,6.0
720575940618864725,Salivary_MN13_2,5.933333333333334
720575940615153494,,5.733333333333333
720575940605513649,,5.7
720575940660220289,,5.666666666666667
720575940632659404,,5.233333333333333
720575940636346487,,5.0
720575940612865814,,4.866666666666666
720575940612537061,,4.7
720575940629421415,,4.633333333333334
720575940629508599,,4.533333333333333
720575940626968216,,4.466666666666667
720575940616860758,,4.266666666666667
720575940620714150,mothership_1,4.266666666666667
720575940621329328,,3.8333333333333335
720575940619455879,Salivary_MN13_1,3.8
720575940624084372,,3.7
720575940634756203,,3.433333333333333
720575940630781433,,3.2666666666666666
720575940631108303,,3.1333333333333333
720575940613743569,,2.8666666666666667
720575940630403031,,2.8333333333333335
720575940610621026,,2.8
720575940622734106,,2.6666666666666665
720575940626468178,,2.6333333333333333
720575940622027222,,2.6
720575940639170723,,2.466666666666667
720575940622474899,kelp_2,2.3
720575940625164558,,2.2666666666666666
720575940623224555,,2.2333333333333334
720575940626038714,,2.2
720575940634210155,,2.1666666666666665
720575940625641402,,2.066666666666667
720575940615715003,,2.066666666666667
720575940660224641,,2.066666666666667
720575940606852018,,2.066666666666667
720575940635839077,,2.0
720575940628995331,,1.8666666666666667
720575940644758308,mothership_2,1.8333333333333333
720575940631989352,,1.7
720575940624366845,,1.6666666666666667
720575940636828334,,1.6333333333333333
720575940644666148,,1.5666666666666667
720575940645352814,,1.5666666666666667
720575940621902085,,1.5333333333333334
720575940630689644,,1.5
720575940630291767,,1.5
720575940617672920,,1.3666666666666667
720575940635771316,,1.3666666666666667
720575940630903291,,1.3666666666666667
720575940606391218,,1.3666666666666667
720575940626159306,,1.3666666666666667
720575940647081860,,1.3666666666666667
720575940636654703,,1.3666666666666667
720575940627949626,,1.3666666666666667
720575940632307025,,1.3666666666666667
720575940632722515,,1.3666666666666667
720575940618153105,,1.3666666666666667
720575940643543496,,1.2666666666666666
720575940620271636,,1.2666666666666666
720575940632962786,,1.1333333333333333
720575940619176094,,1.1
720575940622552675,,1.1
720575940631629160,,1.0666666666666667
720575940629804158,,1.0333333333333334
720575940622147873,,1.0
720575940625612474,,0.9333333333333333
720575940612603289,,0.8666666666666667
720575940641585627,,0.8333333333333334
720575940644968215,,0.8
720575940643551392,,0.7333333333333333
720575940637902938,,0.7333333333333333
720575940629667639,,0.7333333333333333
720575940629393207,,0.7333333333333333
720575940623862015,,0.7333333333333333
720575940623886008,,0.7333333333333333
720575940633434208,,0.7333333333333333
720575940625779075,,0.7333333333333333
720575940612154339,,0.7333333333333333
720575940631575327,,0.7333333333333333
720575940631267409,,0.7333333333333333
720575940628695043,,0.7333333333333333
720575940629377132,,0.7333333333333333
720575940605420902,,0.6333333333333333
720575940624163303,trident,0.6333333333333333
720575940626478082,,0.6333333333333333
720575940635166571,bluebell_1,0.5666666666666667
720575940614386070,,0.5333333333333333
720575940639785379,,0.5
720575940621519130,,0.5
720575940632354641,,0.4666666666666667
720575940630695798,,0.43333333333333335
720575940614909506,,0.4
720575940631967506,,0.4
720575940610058052,,0.36666666666666664
720575940621573542,tundra_1,0.36666666666666664
720575940630839371,,0.36666666666666664
720575940618800064,,0.3333333333333333
720575940628129129,planter_2,0.2
720575940626860421,,0.2
720575940630548751,hyacinth_6,0.16666666666666666
720575940628029180,sink_sync_3,0.13333333333333333
720575940627113544,,0.13333333333333333
720575940626456081,,0.13333333333333333
720575940624710653,broom_1,0.1
720575940626163658,,0.1
720575940620001360,,0.1
720575940625852464,,0.1
720575940623614442,,0.06666666666666667
720575940607387314,,0.06666666666666667
720575940630461404,,0.06666666666666667
720575940614465478,,0.06666666666666667
720575940639813365,,0.06666666666666667
720575940608188427,,0.06666666666666667
720575940637216624,mist_2,0.06666666666666667
720575940610173048,,0.03333333333333333
720575940615036319,,0.03333333333333333
720575940634782359,,0.03333333333333333
720575940623718380,G2N_1_1,0.03333333333333333
720575940617497437,planter_1,0.03333333333333333
720575940618291520,,0.03333333333333333
720575940629783852,,0.03333333333333333
